round,slice,frame,object_ref,cell,what,why,severity,owner,rule_id,evidence,action,rules_version,note
calib,C0,adasind_019560.jpg,L1,na,SPURIOUS,E1_annotator_error,P2,annotator,R01,,keep_with_reason,v1.0.0,
calib,C0,adasind_019560.jpg,L4,na,SPURIOUS,E1_annotator_error,P2,annotator,R01,,keep_with_reason,v1.0.0,
calib,C0,adasind_019560.jpg,L6,na,SPURIOUS,E1_annotator_error,P2,annotator,R01,,keep_with_reason,v1.0.0,
r1_craft,B2-dense,adasind_062370.jpg,R4,na,MISSING,E1_annotator_error,P2,annotator,R01,,keep_with_reason,v1.0.0,
r1_craft,B2-dense,adasind_062370.jpg,R5,na,MISSING,E1_annotator_error,P2,annotator,R01,,keep_with_reason,v1.0.0,
r1_craft,B2-dense,adasind_062370.jpg,R8,na,MISSING,E1_annotator_error,P2,annotator,R01,,keep_with_reason,v1.0.0,
r1_craft,B2-dense,adasind_062370.jpg,R9,na,MISSING,E1_annotator_error,P2,annotator,R01,,keep_with_reason,v1.0.0,
r1_craft,B2-dense,adasind_069450.jpg,R1,na,MISSING,E1_annotator_error,P2,annotator,R01,,keep_with_reason,v1.0.0,
r1_craft,B2-dense,adasind_069450.jpg,R2,na,MISSING,E1_annotator_error,P2,annotator,R01,,keep_with_reason,v1.0.0,
r1_craft,B2-dense,adasind_069450.jpg,R3,na,MISSING,E1_annotator_error,P2,annotator,R01,,keep_with_reason,v1.0.0,
r1_craft,B2-dense,adasind_069450.jpg,R4,na,MISSING,E1_annotator_error,P2,annotator,R01,,keep_with_reason,v1.0.0,
r1_craft,B2-dense,adasind_069450.jpg,R5,na,MISSING,E1_annotator_error,P2,annotator,R01,,keep_with_reason,v1.0.0,
r1_craft,B2-dense,adasind_117120.jpg,R1,na,MISSING,E1_annotator_error,P2,annotator,R01,,keep_with_reason,v1.0.0,
r1_craft,B2-dense,adasind_117120.jpg,R2,na,MISSING,E1_annotator_error,P2,annotator,R01,,keep_with_reason,v1.0.0,
r1_craft,B2-dense,adasind_117120.jpg,R3,na,MISSING,E1_annotator_error,P2,annotator,R01,,keep_with_reason,v1.0.0,
r1_craft,B2-dense,adasind_117120.jpg,R4,na,MISSING,E1_annotator_error,P2,annotator,R01,,keep_with_reason,v1.0.0,
r1_craft,B2-dense,adasind_117120.jpg,R5,na,MISSING,E1_annotator_error,P2,annotator,R01,,keep_with_reason,v1.0.0,
r1_craft,B2-dense,adasind_117120.jpg,R6,na,MISSING,E1_annotator_error,P2,annotator,R01,,keep_with_reason,v1.0.0,
r3_diag,B2-dense,adasind_062370.jpg,L1+R1,LR_noM,MISSING,E1_annotator_error,P2,annotator,R01,,keep_with_reason,v1.0.0,
r3_diag,B2-dense,adasind_062370.jpg,L4+R6,LR_noM,MISSING,E1_annotator_error,P2,annotator,R01,,keep_with_reason,v1.0.0,
r3_diag,B2-dense,adasind_062370.jpg,L5+R7,LR_noM,MISSING,E1_annotator_error,P2,annotator,R01,,keep_with_reason,v1.0.0,
r3_diag,B2-dense,adasind_062370.jpg,R4+M6,RM_noL,MISSING,E1_annotator_error,P2,annotator,R01,,keep_with_reason,v1.0.0,
r3_diag,B2-dense,adasind_062370.jpg,R5,R_only,MISSING,E1_annotator_error,P2,annotator,R01,,keep_with_reason,v1.0.0,
r3_diag,B2-dense,adasind_062370.jpg,R8,R_only,MISSING,E1_annotator_error,P2,annotator,R01,,keep_with_reason,v1.0.0,
r3_diag,B2-dense,adasind_062370.jpg,R9+M7,RM_noL,MISSING,E1_annotator_error,P2,annotator,R01,,keep_with_reason,v1.0.0,
r3_diag,B2-dense,adasind_062370.jpg,M3,M_only,SPURIOUS,E4_model_domain,P2,ai_team,R01,,keep_with_reason,v1.0.0,
r3_diag,B2-dense,adasind_062370.jpg,M4,M_only,SPURIOUS,E4_model_domain,P2,ai_team,R01,,keep_with_reason,v1.0.0,
r3_diag,B2-dense,adasind_062370.jpg,M5,M_only,SPURIOUS,E4_model_domain,P2,ai_team,R01,,keep_with_reason,v1.0.0,
r3_diag,B2-dense,adasind_062370.jpg,M8,M_only,SPURIOUS,E4_model_domain,P2,ai_team,R01,,keep_with_reason,v1.0.0,
r3_diag,B2-dense,adasind_062370.jpg,M10,M_only,SPURIOUS,E4_model_domain,P2,ai_team,R01,,keep_with_reason,v1.0.0,
r3_diag,B2-dense,adasind_069450.jpg,R1,R_only,MISSING,E1_annotator_error,P2,annotator,R01,,keep_with_reason,v1.0.0,
r3_diag,B2-dense,adasind_069450.jpg,R2,R_only,MISSING,E1_annotator_error,P2,annotator,R01,,keep_with_reason,v1.0.0,
r3_diag,B2-dense,adasind_069450.jpg,R3+M3,RM_noL,MISSING,E1_annotator_error,P2,annotator,R01,,keep_with_reason,v1.0.0,
r3_diag,B2-dense,adasind_069450.jpg,R4+M4,RM_noL,MISSING,E1_annotator_error,P2,annotator,R01,,keep_with_reason,v1.0.0,
r3_diag,B2-dense,adasind_069450.jpg,R5+M6,RM_noL,MISSING,E1_annotator_error,P2,annotator,R01,,keep_with_reason,v1.0.0,
r3_diag,B2-dense,adasind_069450.jpg,M5,M_only,SPURIOUS,E4_model_domain,P2,ai_team,R01,,keep_with_reason,v1.0.0,
r3_diag,B2-dense,adasind_069450.jpg,M7,M_only,SPURIOUS,E4_model_domain,P2,ai_team,R01,,keep_with_reason,v1.0.0,
r3_diag,B2-dense,adasind_117120.jpg,R1+M3,RM_noL,MISSING,E1_annotator_error,P2,annotator,R01,,keep_with_reason,v1.0.0,
r3_diag,B2-dense,adasind_117120.jpg,R2,R_only,MISSING,E1_annotator_error,P2,annotator,R01,,keep_with_reason,v1.0.0,
r3_diag,B2-dense,adasind_117120.jpg,R3+M5,RM_noL,MISSING,E1_annotator_error,P2,annotator,R01,,keep_with_reason,v1.0.0,
r3_diag,B2-dense,adasind_117120.jpg,R4,R_only,MISSING,E1_annotator_error,P2,annotator,R01,,keep_with_reason,v1.0.0,
r3_diag,B2-dense,adasind_117120.jpg,R5+M2,RM_noL,MISSING,E1_annotator_error,P2,annotator,R01,,keep_with_reason,v1.0.0,
r3_diag,B2-dense,adasind_117120.jpg,R6+M4,RM_noL,MISSING,E1_annotator_error,P2,annotator,R01,,keep_with_reason,v1.0.0,
r3_diag,B2-dense,adasind_117120.jpg,M1,M_only,SPURIOUS,E4_model_domain,P2,ai_team,R01,,keep_with_reason,v1.0.0,
r3_diag,B2-dense,adasind_117120.jpg,M6,M_only,SPURIOUS,E4_model_domain,P2,ai_team,R01,,keep_with_reason,v1.0.0,
r3_diag,B2-dense,adasind_117120.jpg,M7,M_only,SPURIOUS,E4_model_domain,P2,ai_team,R01,,keep_with_reason,v1.0.0,
r3_diag,B2-dense,adasind_117120.jpg,M8,M_only,SPURIOUS,E4_model_domain,P2,ai_team,R01,,keep_with_reason,v1.0.0,
r3_diag,B2-dense,adasind_117120.jpg,M10,M_only,SPURIOUS,E4_model_domain,P2,ai_team,R01,,keep_with_reason,v1.0.0,
r2_qa,B3-mid,adasind_128310.jpg,L1,L_only,BOX_GEOMETRY,,P2,qa,R02,screenshots/finding_evidence_1.png,keep_with_reason,v1.0.0,Review box bám mép fisheye gốc
r2_qa,B3-mid,adasind_140160.jpg,L2,L_only,WRONG_CLASS,,P2,qa,R04,screenshots/finding_evidence_1.png,keep_with_reason,v1.0.0,Xác nhận đúng ThreeWheeler
r2_qa,B3-mid,adasind_230910.jpg,L3,L_only,ATTRIBUTE,,P2,qa,R05,screenshots/finding_evidence_1.png,keep_with_reason,v1.0.0,Xác nhận truncated do vành kính
r1_craft,B2-dense,adasind_062370.jpg,L7,na,IGNORE_SCOPE,,,,,,,,
r1_craft,B2-dense,adasind_062370.jpg,R7,na,MISSING,,,,,,,,
r1_craft,B2-dense,adasind_069450.jpg,L3,na,IGNORE_SCOPE,,,,,,,,
r1_craft,B2-dense,adasind_117120.jpg,L1,na,IGNORE_SCOPE,,,,,,,,
r1_craft,B2-dense,adasind_117120.jpg,L5,na,SPURIOUS,,,,,,,,
r1_craft,B2-dense,adasind_117120.jpg,L7,na,SPURIOUS,,,,,,,,
r1_craft,B2-dense,adasind_117120.jpg,L9,na,SPURIOUS,,,,,,,,
r1_craft,B2-dense,adasind_117120.jpg,L10,na,SPURIOUS,,,,,,,,
r3_diag,B2-dense,adasind_062370.jpg,L2+R1,LR_noM,MISSING,E1_annotator_error,P2,annotator,R01,,keep_with_reason,v1.0.0,
r3_diag,B2-dense,adasind_062370.jpg,L6+R5,LR_noM,MISSING,E1_annotator_error,P2,annotator,R01,,keep_with_reason,v1.0.0,
r3_diag,B2-dense,adasind_062370.jpg,L5+R6,LR_noM,MISSING,E1_annotator_error,P2,annotator,R01,,keep_with_reason,v1.0.0,
r3_diag,B2-dense,adasind_062370.jpg,R7,R_only,MISSING,E1_annotator_error,P2,annotator,R01,,keep_with_reason,v1.0.0,
r3_diag,B2-dense,adasind_069450.jpg,L1+R1,LR_noM,MISSING,E1_annotator_error,P2,annotator,R01,,keep_with_reason,v1.0.0,
r3_diag,B2-dense,adasind_069450.jpg,L2+R2,LR_noM,MISSING,E1_annotator_error,P2,annotator,R01,,keep_with_reason,v1.0.0,
r3_diag,B2-dense,adasind_117120.jpg,L8+R2,LR_noM,MISSING,E1_annotator_error,P2,annotator,R01,,keep_with_reason,v1.0.0,
r3_diag,B2-dense,adasind_117120.jpg,L4+R4,LR_noM,MISSING,E1_annotator_error,P2,annotator,R01,,keep_with_reason,v1.0.0,
r3_diag,B2-dense,adasind_117120.jpg,L5,L_only,SPURIOUS,E1_annotator_error,P2,annotator,R01,,keep_with_reason,v1.0.0,
r3_diag,B2-dense,adasind_117120.jpg,L7,L_only,SPURIOUS,E1_annotator_error,P2,annotator,R01,,keep_with_reason,v1.0.0,
r3_diag,B2-dense,adasind_117120.jpg,L9,L_only,SPURIOUS,E1_annotator_error,P2,annotator,R01,,keep_with_reason,v1.0.0,
r3_diag,B2-dense,adasind_117120.jpg,L10,L_only,SPURIOUS,E1_annotator_error,P2,annotator,R01,,keep_with_reason,v1.0.0,
